{"cameraMode":{"drawMode":0,"name":"Shaded","section":"Shading Mode"},"sceneLighting":true,"audioPlay":false,"sceneViewState":{"m_AlwaysRefresh":false,"showFog":true,"showSkybox":true,"showFlares":true,"showImageEffects":true,"showParticleSystems":true,"showVisualEffectGraphs":true,"m_FxEnabled":true},"in2DMode":false,"pivot":{"x":881.9962768554688,"y":1106.0296630859375,"z":-797.7322998046875},"rotation":{"x":-0.005406754091382027,"y":0.9913932085037231,"z":0.12375951558351517,"w":0.04378049820661545},"size":1908.72607421875,"orthographic":false}